33.5541,33.67, 33.4858, 33.375, 33.41, 33.615, 33.4151, 33.4, 33.42, 33.405, 33.465
33.4899,33.5541, 33.67, 33.4858, 33.375, 33.41, 33.615, 33.4151, 33.4, 33.42, 33.405
33.4058,33.4899, 33.5541, 33.67, 33.4858, 33.375, 33.41, 33.615, 33.4151, 33.4, 33.42
33.54,33.4058, 33.4899, 33.5541, 33.67, 33.4858, 33.375, 33.41, 33.615, 33.4151, 33.4
33.4,33.54, 33.4058, 33.4899, 33.5541, 33.67, 33.4858, 33.375, 33.41, 33.615, 33.4151
33.5245,33.4, 33.54, 33.4058, 33.4899, 33.5541, 33.67, 33.4858, 33.375, 33.41, 33.615
33.515,33.5245, 33.4, 33.54, 33.4058, 33.4899, 33.5541, 33.67, 33.4858, 33.375, 33.41
33.38,33.515, 33.5245, 33.4, 33.54, 33.4058, 33.4899, 33.5541, 33.67, 33.4858, 33.375
33.515,33.38, 33.515, 33.5245, 33.4, 33.54, 33.4058, 33.4899, 33.5541, 33.67, 33.4858
33.3,33.515, 33.38, 33.515, 33.5245, 33.4, 33.54, 33.4058, 33.4899, 33.5541, 33.67
33.41,33.3, 33.515, 33.38, 33.515, 33.5245, 33.4, 33.54, 33.4058, 33.4899, 33.5541
33.35,33.41, 33.3, 33.515, 33.38, 33.515, 33.5245, 33.4, 33.54, 33.4058, 33.4899
33.495,33.35, 33.41, 33.3, 33.515, 33.38, 33.515, 33.5245, 33.4, 33.54, 33.4058
33.6247,33.495, 33.35, 33.41, 33.3, 33.515, 33.38, 33.515, 33.5245, 33.4, 33.54
33.35,33.6247, 33.495, 33.35, 33.41, 33.3, 33.515, 33.38, 33.515, 33.5245, 33.4
33.433,33.35, 33.6247, 33.495, 33.35, 33.41, 33.3, 33.515, 33.38, 33.515, 33.5245
33.365,33.433, 33.35, 33.6247, 33.495, 33.35, 33.41, 33.3, 33.515, 33.38, 33.515
33.41,33.365, 33.433, 33.35, 33.6247, 33.495, 33.35, 33.41, 33.3, 33.515, 33.38
33.401,33.41, 33.365, 33.433, 33.35, 33.6247, 33.495, 33.35, 33.41, 33.3, 33.515
33.4,33.401, 33.41, 33.365, 33.433, 33.35, 33.6247, 33.495, 33.35, 33.41, 33.3
33.545,33.4, 33.401, 33.41, 33.365, 33.433, 33.35, 33.6247, 33.495, 33.35, 33.41
33.525,33.545, 33.4, 33.401, 33.41, 33.365, 33.433, 33.35, 33.6247, 33.495, 33.35
33.53,33.525, 33.545, 33.4, 33.401, 33.41, 33.365, 33.433, 33.35, 33.6247, 33.495
33.6235,33.53, 33.525, 33.545, 33.4, 33.401, 33.41, 33.365, 33.433, 33.35, 33.6247
33.5045,33.6235, 33.53, 33.525, 33.545, 33.4, 33.401, 33.41, 33.365, 33.433, 33.35
33.42,33.5045, 33.6235, 33.53, 33.525, 33.545, 33.4, 33.401, 33.41, 33.365, 33.433
33.55,33.42, 33.5045, 33.6235, 33.53, 33.525, 33.545, 33.4, 33.401, 33.41, 33.365
33.461,33.55, 33.42, 33.5045, 33.6235, 33.53, 33.525, 33.545, 33.4, 33.401, 33.41
33.45,33.461, 33.55, 33.42, 33.5045, 33.6235, 33.53, 33.525, 33.545, 33.4, 33.401
33.54,33.45, 33.461, 33.55, 33.42, 33.5045, 33.6235, 33.53, 33.525, 33.545, 33.4
33.5744,33.54, 33.45, 33.461, 33.55, 33.42, 33.5045, 33.6235, 33.53, 33.525, 33.545
33.505,33.5744, 33.54, 33.45, 33.461, 33.55, 33.42, 33.5045, 33.6235, 33.53, 33.525
33.455,33.505, 33.5744, 33.54, 33.45, 33.461, 33.55, 33.42, 33.5045, 33.6235, 33.53
33.46,33.455, 33.505, 33.5744, 33.54, 33.45, 33.461, 33.55, 33.42, 33.5045, 33.6235
33.58,33.46, 33.455, 33.505, 33.5744, 33.54, 33.45, 33.461, 33.55, 33.42, 33.5045
33.56,33.58, 33.46, 33.455, 33.505, 33.5744, 33.54, 33.45, 33.461, 33.55, 33.42
33.53,33.56, 33.58, 33.46, 33.455, 33.505, 33.5744, 33.54, 33.45, 33.461, 33.55
33.57,33.53, 33.56, 33.58, 33.46, 33.455, 33.505, 33.5744, 33.54, 33.45, 33.461
33.46,33.57, 33.53, 33.56, 33.58, 33.46, 33.455, 33.505, 33.5744, 33.54, 33.45
33.6799,33.46, 33.57, 33.53, 33.56, 33.58, 33.46, 33.455, 33.505, 33.5744, 33.54
33.64,33.6799, 33.46, 33.57, 33.53, 33.56, 33.58, 33.46, 33.455, 33.505, 33.5744
33.595,33.64, 33.6799, 33.46, 33.57, 33.53, 33.56, 33.58, 33.46, 33.455, 33.505
33.6536,33.595, 33.64, 33.6799, 33.46, 33.57, 33.53, 33.56, 33.58, 33.46, 33.455
33.56,33.6536, 33.595, 33.64, 33.6799, 33.46, 33.57, 33.53, 33.56, 33.58, 33.46
33.49,33.56, 33.6536, 33.595, 33.64, 33.6799, 33.46, 33.57, 33.53, 33.56, 33.58
33.535,33.49, 33.56, 33.6536, 33.595, 33.64, 33.6799, 33.46, 33.57, 33.53, 33.56
33.46,33.535, 33.49, 33.56, 33.6536, 33.595, 33.64, 33.6799, 33.46, 33.57, 33.53
33.4,33.46, 33.535, 33.49, 33.56, 33.6536, 33.595, 33.64, 33.6799, 33.46, 33.57
33.405,33.4, 33.46, 33.535, 33.49, 33.56, 33.6536, 33.595, 33.64, 33.6799, 33.46
33.465,33.405, 33.4, 33.46, 33.535, 33.49, 33.56, 33.6536, 33.595, 33.64, 33.6799
33.495,33.465, 33.405, 33.4, 33.46, 33.535, 33.49, 33.56, 33.6536, 33.595, 33.64
33.535,33.495, 33.465, 33.405, 33.4, 33.46, 33.535, 33.49, 33.56, 33.6536, 33.595
33.4438,33.535, 33.495, 33.465, 33.405, 33.4, 33.46, 33.535, 33.49, 33.56, 33.6536
33.505,33.4438, 33.535, 33.495, 33.465, 33.405, 33.4, 33.46, 33.535, 33.49, 33.56
33.66,33.505, 33.4438, 33.535, 33.495, 33.465, 33.405, 33.4, 33.46, 33.535, 33.49
33.22,33.66, 33.505, 33.4438, 33.535, 33.495, 33.465, 33.405, 33.4, 33.46, 33.535
33.47,33.22, 33.66, 33.505, 33.4438, 33.535, 33.495, 33.465, 33.405, 33.4, 33.46
33.545,33.47, 33.22, 33.66, 33.505, 33.4438, 33.535, 33.495, 33.465, 33.405, 33.4
33.475,33.545, 33.47, 33.22, 33.66, 33.505, 33.4438, 33.535, 33.495, 33.465, 33.405
33.2196,33.475, 33.545, 33.47, 33.22, 33.66, 33.505, 33.4438, 33.535, 33.495, 33.465
33.59,33.2196, 33.475, 33.545, 33.47, 33.22, 33.66, 33.505, 33.4438, 33.535, 33.495
33.505,33.59, 33.2196, 33.475, 33.545, 33.47, 33.22, 33.66, 33.505, 33.4438, 33.535
33.6234,33.505, 33.59, 33.2196, 33.475, 33.545, 33.47, 33.22, 33.66, 33.505, 33.4438
33.5,33.6234, 33.505, 33.59, 33.2196, 33.475, 33.545, 33.47, 33.22, 33.66, 33.505
33.605,33.5, 33.6234, 33.505, 33.59, 33.2196, 33.475, 33.545, 33.47, 33.22, 33.66
33.5,33.605, 33.5, 33.6234, 33.505, 33.59, 33.2196, 33.475, 33.545, 33.47, 33.22
33.585,33.5, 33.605, 33.5, 33.6234, 33.505, 33.59, 33.2196, 33.475, 33.545, 33.47
33.64,33.585, 33.5, 33.605, 33.5, 33.6234, 33.505, 33.59, 33.2196, 33.475, 33.545
33.4299,33.64, 33.585, 33.5, 33.605, 33.5, 33.6234, 33.505, 33.59, 33.2196, 33.475
33.465,33.4299, 33.64, 33.585, 33.5, 33.605, 33.5, 33.6234, 33.505, 33.59, 33.2196
33.63,33.465, 33.4299, 33.64, 33.585, 33.5, 33.605, 33.5, 33.6234, 33.505, 33.59
33.215,33.63, 33.465, 33.4299, 33.64, 33.585, 33.5, 33.605, 33.5, 33.6234, 33.505
33.475,33.215, 33.63, 33.465, 33.4299, 33.64, 33.585, 33.5, 33.605, 33.5, 33.6234
33.37,33.475, 33.215, 33.63, 33.465, 33.4299, 33.64, 33.585, 33.5, 33.605, 33.5
33.38,33.37, 33.475, 33.215, 33.63, 33.465, 33.4299, 33.64, 33.585, 33.5, 33.605
33.52,33.38, 33.37, 33.475, 33.215, 33.63, 33.465, 33.4299, 33.64, 33.585, 33.5
33.61,33.52, 33.38, 33.37, 33.475, 33.215, 33.63, 33.465, 33.4299, 33.64, 33.585
33.45,33.61, 33.52, 33.38, 33.37, 33.475, 33.215, 33.63, 33.465, 33.4299, 33.64
33.5099,33.45, 33.61, 33.52, 33.38, 33.37, 33.475, 33.215, 33.63, 33.465, 33.4299
33.4068,33.5099, 33.45, 33.61, 33.52, 33.38, 33.37, 33.475, 33.215, 33.63, 33.465
33.5448,33.4068, 33.5099, 33.45, 33.61, 33.52, 33.38, 33.37, 33.475, 33.215, 33.63
33.64,33.5448, 33.4068, 33.5099, 33.45, 33.61, 33.52, 33.38, 33.37, 33.475, 33.215
33.5,33.64, 33.5448, 33.4068, 33.5099, 33.45, 33.61, 33.52, 33.38, 33.37, 33.475
33.575,33.5, 33.64, 33.5448, 33.4068, 33.5099, 33.45, 33.61, 33.52, 33.38, 33.37
33.5649,33.575, 33.5, 33.64, 33.5448, 33.4068, 33.5099, 33.45, 33.61, 33.52, 33.38
33.49,33.5649, 33.575, 33.5, 33.64, 33.5448, 33.4068, 33.5099, 33.45, 33.61, 33.52
33.415,33.49, 33.5649, 33.575, 33.5, 33.64, 33.5448, 33.4068, 33.5099, 33.45, 33.61
33.4909,33.415, 33.49, 33.5649, 33.575, 33.5, 33.64, 33.5448, 33.4068, 33.5099, 33.45
33.42,33.4909, 33.415, 33.49, 33.5649, 33.575, 33.5, 33.64, 33.5448, 33.4068, 33.5099
